run_id,source_file,provider,query,query_mode,location,search_mode,geocoded_address,raw_rows,unique_places,searched_at_min,searched_at_max
st_academia-de-musica,st_academia-de-musica.json,APIFY_GOOGLE_MAPS_SCRAPER,academia de música,single_term,Madrid,AREA_BOUNDING_BOX,"Madrid, Community of Madrid, Spain",40,40,2026-10-05T23:02:48.293Z,2026-10-05T23:02:48.294Z
st_banda-de-musica,st_banda-de-musica.json,APIFY_GOOGLE_MAPS_SCRAPER,banda de música,single_term,Madrid,AREA_BOUNDING_BOX,"Madrid, Community of Madrid, Spain",39,39,2026-10-05T22:42:29.673Z,2026-10-05T22:42:29.674Z
st_escuela-de-musica,st_escuela-de-musica.json,APIFY_GOOGLE_MAPS_SCRAPER,escuela de música,single_term,Madrid,AREA_BOUNDING_BOX,"Madrid, Community of Madrid, Spain",40,40,2026-10-05T22:38:56.342Z,2026-10-05T22:38:56.344Z
st_luthier,st_luthier.json,APIFY_GOOGLE_MAPS_SCRAPER,luthier,single_term,Madrid,AREA_BOUNDING_BOX,"Madrid, Community of Madrid, Spain",40,40,2026-10-05T22:34:08.625Z,2026-10-05T22:34:08.625Z
st_tienda-de-instrumentos-musicales,st_tienda-de-instrumentos-musicales.json,APIFY_GOOGLE_MAPS_SCRAPER,tienda de instrumentos musicales,single_term,Madrid,AREA_BOUNDING_BOX,"Madrid, Community of Madrid, Spain",40,40,2026-10-05T23:13:55.185Z,2026-10-05T23:13:55.187Z
tabla00,tabla00.json,APIFY_GOOGLE_MAPS_SCRAPER,"escuela de música, conservatorio, academia de música, banda de música, orquesta, coro, asociación musical, tienda de instrumentos musicales, luthier, reparación de instrumentos musicales, estudio de grabación, sala de ensayo",combined,Madrid,AREA_BOUNDING_BOX,"Madrid, Community of Madrid, Spain",5,5,2026-10-05T22:12:09.702Z,2026-10-05T22:12:09.702Z
st_conservatorio,st_conservatorio.json,APIFY_GOOGLE_MAPS_SCRAPER,conservatorio,single_term,Madrid,AREA_BOUNDING_BOX,"Madrid, Comunidad de Madrid, España",47,47,2026-10-06T23:05:57.619Z,2026-10-06T23:05:57.620Z
st_afinador-de-pianos,st_afinador-de-pianos.json,APIFY_GOOGLE_MAPS_SCRAPER,afinador de pianos,single_term,Madrid,AREA_BOUNDING_BOX,"Madrid, Comunidad de Madrid, España",20,20,2026-10-06T23:09:10.131Z,2026-10-06T23:09:10.132Z
st_alquiler-de-instrumentos-musicales,st_alquiler-de-instrumentos-musicales.json,APIFY_GOOGLE_MAPS_SCRAPER,alquiler de instrumentos musicales,single_term,Madrid,AREA_BOUNDING_BOX,"Madrid, Comunidad de Madrid, España",49,49,2026-10-06T23:08:52.095Z,2026-10-06T23:08:52.096Z
st_asociacion-musical,st_asociacion-musical.json,APIFY_GOOGLE_MAPS_SCRAPER,asociación musical,single_term,Madrid,AREA_BOUNDING_BOX,"Madrid, Comunidad de Madrid, España",49,49,2026-10-06T23:08:44.674Z,2026-10-06T23:08:44.676Z
st_coro,st_coro.json,APIFY_GOOGLE_MAPS_SCRAPER,coro,single_term,Madrid,AREA_BOUNDING_BOX,"Madrid, Comunidad de Madrid, España",47,47,2026-10-06T23:08:38.331Z,2026-10-06T23:08:38.332Z
st_distribuidor-de-instrumentos-musicales,st_distribuidor-de-instrumentos-musicales.json,APIFY_GOOGLE_MAPS_SCRAPER,distribuidor de instrumentos musicales,single_term,Madrid,AREA_BOUNDING_BOX,"Madrid, Comunidad de Madrid, España",49,49,2026-10-06T23:08:56.053Z,2026-10-06T23:08:56.054Z
st_ensemble,st_ensemble.json,APIFY_GOOGLE_MAPS_SCRAPER,ensemble,single_term,Madrid,AREA_BOUNDING_BOX,"Madrid, Comunidad de Madrid, España",3,3,2026-10-06T23:08:41.014Z,2026-10-06T23:08:41.014Z
st_estudio-de-grabacion,st_estudio-de-grabacion.json,APIFY_GOOGLE_MAPS_SCRAPER,estudio de grabación,single_term,Madrid,AREA_BOUNDING_BOX,"Madrid, Comunidad de Madrid, España",50,50,2026-10-06T23:09:17.255Z,2026-10-06T23:09:17.256Z
st_instrumentos-musicales-de-segunda-mano,st_instrumentos-musicales-de-segunda-mano.json,APIFY_GOOGLE_MAPS_SCRAPER,instrumentos musicales de segunda mano,single_term,Madrid,AREA_BOUNDING_BOX,"Madrid, Comunidad de Madrid, España",49,49,2026-10-06T23:08:48.243Z,2026-10-06T23:08:48.245Z
st_orquesta,st_orquesta.json,APIFY_GOOGLE_MAPS_SCRAPER,orquesta,single_term,Madrid,AREA_BOUNDING_BOX,"Madrid, Comunidad de Madrid, España",46,46,2026-10-06T23:08:34.431Z,2026-10-06T23:08:34.432Z
st_productor-musical,st_productor-musical.json,APIFY_GOOGLE_MAPS_SCRAPER,productor musical,single_term,Madrid,AREA_BOUNDING_BOX,"Madrid, Comunidad de Madrid, España",49,49,2026-10-06T23:09:24.715Z,2026-10-06T23:09:24.716Z
st_profesor-de-musica,st_profesor-de-musica.json,APIFY_GOOGLE_MAPS_SCRAPER,profesor de música,single_term,Madrid,AREA_BOUNDING_BOX,"Madrid, Comunidad de Madrid, España",50,50,2026-10-06T23:08:30.346Z,2026-10-06T23:08:30.348Z
st_reparacion-de-instrumentos-musicales,st_reparacion-de-instrumentos-musicales.json,APIFY_GOOGLE_MAPS_SCRAPER,reparación de instrumentos musicales,single_term,Madrid,AREA_BOUNDING_BOX,"Madrid, Comunidad de Madrid, España",50,50,2026-10-06T23:09:00.052Z,2026-10-06T23:09:00.055Z
st_reparacion-instrumentos-de-metal,st_reparacion-instrumentos-de-metal.json,APIFY_GOOGLE_MAPS_SCRAPER,reparación instrumentos de metal,single_term,Madrid,AREA_BOUNDING_BOX,"Madrid, Comunidad de Madrid, España",44,44,2026-10-06T23:09:07.200Z,2026-10-06T23:09:07.202Z
st_reparacion-instrumentos-de-viento,st_reparacion-instrumentos-de-viento.json,APIFY_GOOGLE_MAPS_SCRAPER,reparación instrumentos de viento,single_term,Madrid,AREA_BOUNDING_BOX,"Madrid, Comunidad de Madrid, España",44,44,2026-10-06T23:09:03.791Z,2026-10-06T23:09:03.792Z
st_restauracion-de-instrumentos-musicales,st_restauracion-de-instrumentos-musicales.json,APIFY_GOOGLE_MAPS_SCRAPER,restauración de instrumentos musicales,single_term,Madrid,AREA_BOUNDING_BOX,"Madrid, Comunidad de Madrid, España",47,47,2026-10-06T23:09:13.394Z,2026-10-06T23:09:13.394Z
st_sala-de-ensayo,st_sala-de-ensayo.json,APIFY_GOOGLE_MAPS_SCRAPER,sala de ensayo,single_term,Madrid,AREA_BOUNDING_BOX,"Madrid, Comunidad de Madrid, España",50,50,2026-10-06T23:09:20.826Z,2026-10-06T23:09:20.827Z
st_academia-de-musica,st_academia-de-musica.json,APIFY_GOOGLE_MAPS_SCRAPER,academia de música,single_term,Madrid,AREA_BOUNDING_BOX,"Madrid, Comunidad de Madrid, España",50,50,2026-10-07T09:39:00.076Z,2026-10-07T09:39:00.077Z
st_afinador-de-pianos,st_afinador-de-pianos.json,APIFY_GOOGLE_MAPS_SCRAPER,afinador de pianos,single_term,Madrid,AREA_BOUNDING_BOX,"Madrid, Comunidad de Madrid, España",19,19,2026-10-07T09:40:20.825Z,2026-10-07T09:40:20.825Z
st_alquiler-de-instrumentos-musicales,st_alquiler-de-instrumentos-musicales.json,APIFY_GOOGLE_MAPS_SCRAPER,alquiler de instrumentos musicales,single_term,Madrid,AREA_BOUNDING_BOX,"Madrid, Comunidad de Madrid, España",49,49,2026-10-07T09:39:47.718Z,2026-10-07T09:39:47.719Z
st_asociacion-musical,st_asociacion-musical.json,APIFY_GOOGLE_MAPS_SCRAPER,asociación musical,single_term,Madrid,AREA_BOUNDING_BOX,"Madrid, Comunidad de Madrid, España",49,49,2026-10-07T09:39:33.382Z,2026-10-07T09:39:33.383Z
st_banda-de-musica,st_banda-de-musica.json,APIFY_GOOGLE_MAPS_SCRAPER,banda de música,single_term,Madrid,AREA_BOUNDING_BOX,"Madrid, Comunidad de Madrid, España",46,46,2026-10-07T09:39:12.281Z,2026-10-07T09:39:12.281Z
st_conservatorio,st_conservatorio.json,APIFY_GOOGLE_MAPS_SCRAPER,conservatorio,single_term,Madrid,AREA_BOUNDING_BOX,"Madrid, Comunidad de Madrid, España",48,48,2026-10-07T09:38:49.885Z,2026-10-07T09:38:49.886Z
st_coro,st_coro.json,APIFY_GOOGLE_MAPS_SCRAPER,coro,single_term,Madrid,AREA_BOUNDING_BOX,"Madrid, Comunidad de Madrid, España",47,47,2026-10-07T09:39:23.600Z,2026-10-07T09:39:23.600Z
st_distribuidor-de-instrumentos-musicales,st_distribuidor-de-instrumentos-musicales.json,APIFY_GOOGLE_MAPS_SCRAPER,distribuidor de instrumentos musicales,single_term,Madrid,AREA_BOUNDING_BOX,"Madrid, Comunidad de Madrid, España",49,49,2026-10-07T09:39:52.371Z,2026-10-07T09:39:52.372Z
st_editorial-musical,st_editorial-musical.json,APIFY_GOOGLE_MAPS_SCRAPER,editorial musical,single_term,Madrid,AREA_BOUNDING_BOX,"Madrid, Comunidad de Madrid, España",47,47,2026-10-07T09:40:46.249Z,2026-10-07T09:40:46.250Z
st_ensemble,st_ensemble.json,APIFY_GOOGLE_MAPS_SCRAPER,ensemble,single_term,Madrid,AREA_BOUNDING_BOX,"Madrid, Comunidad de Madrid, España",3,3,2026-10-07T09:39:27.462Z,2026-10-07T09:39:27.463Z
st_escuela-de-musica,st_escuela-de-musica.json,APIFY_GOOGLE_MAPS_SCRAPER,escuela de música,single_term,Madrid,AREA_BOUNDING_BOX,"Madrid, Comunidad de Madrid, España",50,50,2026-10-07T09:38:54.690Z,2026-10-07T09:38:54.691Z
st_estudio-de-grabacion,st_estudio-de-grabacion.json,APIFY_GOOGLE_MAPS_SCRAPER,estudio de grabación,single_term,Madrid,AREA_BOUNDING_BOX,"Madrid, Comunidad de Madrid, España",50,50,2026-10-07T09:40:30.382Z,2026-10-07T09:40:30.383Z
st_instrumentos-musicales-de-segunda-mano,st_instrumentos-musicales-de-segunda-mano.json,APIFY_GOOGLE_MAPS_SCRAPER,instrumentos musicales de segunda mano,single_term,Madrid,AREA_BOUNDING_BOX,"Madrid, Comunidad de Madrid, España",49,49,2026-10-07T09:39:43.685Z,2026-10-07T09:39:43.685Z
st_luthier,st_luthier.json,APIFY_GOOGLE_MAPS_SCRAPER,luthier,single_term,Madrid,AREA_BOUNDING_BOX,"Madrid, Comunidad de Madrid, España",50,50,2026-10-07T09:39:56.473Z,2026-10-07T09:39:56.474Z
st_orquesta,st_orquesta.json,APIFY_GOOGLE_MAPS_SCRAPER,orquesta,single_term,Madrid,AREA_BOUNDING_BOX,"Madrid, Comunidad de Madrid, España",46,46,2026-10-07T09:39:18.133Z,2026-10-07T09:39:18.134Z
st_productor-musical,st_productor-musical.json,APIFY_GOOGLE_MAPS_SCRAPER,productor musical,single_term,Madrid,AREA_BOUNDING_BOX,"Madrid, Comunidad de Madrid, España",49,49,2026-10-07T09:40:41.315Z,2026-10-07T09:40:41.317Z
st_profesor-de-musica,st_profesor-de-musica.json,APIFY_GOOGLE_MAPS_SCRAPER,profesor de música,single_term,Madrid,AREA_BOUNDING_BOX,"Madrid, Comunidad de Madrid, España",50,50,2026-10-07T09:39:05.475Z,2026-10-07T09:39:05.476Z
st_reparacion-de-instrumentos-musicales,st_reparacion-de-instrumentos-musicales.json,APIFY_GOOGLE_MAPS_SCRAPER,reparación de instrumentos musicales,single_term,Madrid,AREA_BOUNDING_BOX,"Madrid, Comunidad de Madrid, España",50,50,2026-10-07T09:40:02.027Z,2026-10-07T09:40:02.029Z
st_reparacion-instrumentos-de-metal,st_reparacion-instrumentos-de-metal.json,APIFY_GOOGLE_MAPS_SCRAPER,reparación instrumentos de metal,single_term,Madrid,AREA_BOUNDING_BOX,"Madrid, Comunidad de Madrid, España",44,44,2026-10-07T09:40:16.357Z,2026-10-07T09:40:16.359Z
st_reparacion-instrumentos-de-viento,st_reparacion-instrumentos-de-viento.json,APIFY_GOOGLE_MAPS_SCRAPER,reparación instrumentos de viento,single_term,Madrid,AREA_BOUNDING_BOX,"Madrid, Comunidad de Madrid, España",44,44,2026-10-07T09:40:07.617Z,2026-10-07T09:40:07.619Z
st_restauracion-de-instrumentos-musicales,st_restauracion-de-instrumentos-musicales.json,APIFY_GOOGLE_MAPS_SCRAPER,restauración de instrumentos musicales,single_term,Madrid,AREA_BOUNDING_BOX,"Madrid, Comunidad de Madrid, España",47,47,2026-10-07T09:40:25.332Z,2026-10-07T09:40:25.333Z
st_sala-de-conciertos,st_sala-de-conciertos.json,APIFY_GOOGLE_MAPS_SCRAPER,sala de conciertos,single_term,Madrid,AREA_BOUNDING_BOX,"Madrid, Comunidad de Madrid, España",49,49,2026-10-07T09:40:50.937Z,2026-10-07T09:40:50.940Z
st_sala-de-ensayo,st_sala-de-ensayo.json,APIFY_GOOGLE_MAPS_SCRAPER,sala de ensayo,single_term,Madrid,AREA_BOUNDING_BOX,"Madrid, Comunidad de Madrid, España",50,50,2026-10-07T09:40:36.588Z,2026-10-07T09:40:36.589Z
st_tienda-de-instrumentos-musicales,st_tienda-de-instrumentos-musicales.json,APIFY_GOOGLE_MAPS_SCRAPER,tienda de instrumentos musicales,single_term,Madrid,AREA_BOUNDING_BOX,"Madrid, Comunidad de Madrid, España",50,50,2026-10-07T09:39:38.892Z,2026-10-07T09:39:38.892Z
